{"cameraMode":{"drawMode":0,"name":"Shaded","section":"Shading Mode"},"sceneLighting":true,"audioPlay":false,"sceneViewState":{"m_AlwaysRefresh":false,"showFog":true,"showSkybox":true,"showFlares":true,"showImageEffects":true,"showParticleSystems":true,"showVisualEffectGraphs":true,"m_FxEnabled":true},"in2DMode":false,"pivot":{"x":6.450927257537842,"y":3.633716344833374,"z":-6.767174243927002},"rotation":{"x":0.05817842483520508,"y":0.004486887250095606,"z":-0.0002838439540937543,"w":0.998322606086731},"size":1.9798963069915772,"orthographic":false}